{
	"partitions" : [
		{
			"name" : "Top",
			"pins" : [
				{
					"name" : "serial_output",
					"strict" : false
				},
				{
					"name" : "enable",
					"strict" : false
				},
				{
					"name" : "clock",
					"strict" : false
				},
				{
					"name" : "parallel_input[2]",
					"strict" : false
				},
				{
					"name" : "parallel_input[1]",
					"strict" : false
				},
				{
					"name" : "reset_n",
					"strict" : false
				},
				{
					"name" : "parallel_input[0]",
					"strict" : false
				},
				{
					"name" : "parallel_input[5]",
					"strict" : false
				},
				{
					"name" : "parallel_input[6]",
					"strict" : false
				},
				{
					"name" : "parallel_input[4]",
					"strict" : false
				},
				{
					"name" : "parallel_input[7]",
					"strict" : false
				},
				{
					"name" : "parallel_input[3]",
					"strict" : false
				}
			]
		}
	]
}